game_id,game_date,home_team,away_team,home_win,P_home_win,bucket
22400067,2024-10-23,TOR,CLE,0,0.48833884192641924,0.45-0.50
22400070,2024-10-23,UTA,MEM,0,0.4922946309889834,0.45-0.50
22400081,2024-10-25,NYK,IND,1,0.4618301016429028,0.45-0.50
22400094,2024-10-26,SAS,HOU,1,0.49743617754403563,0.45-0.50
22400106,2024-10-28,NYK,CLE,0,0.4921641136174445,0.45-0.50
22400108,2024-10-28,MEM,CHI,0,0.4763624636123098,0.45-0.50
22400114,2024-10-29,MIN,DAL,0,0.48386767060777724,0.45-0.50
22400130,2024-10-31,UTA,SAS,0,0.45465360141754785,0.45-0.50
22400128,2024-10-31,MEM,MIL,1,0.4745305074264179,0.45-0.50
22400137,2024-11-01,TOR,LAL,0,0.45736155453933847,0.45-0.50
22400144,2024-11-02,HOU,GSW,0,0.46802392147530314,0.45-0.50
22400181,2024-11-07,CHI,MIN,0,0.4571171696975214,0.45-0.50
22400203,2024-11-10,IND,NYK,1,0.48838334180560844,0.45-0.50
22400004,2024-11-12,PHI,NYK,0,0.45085603559374077,0.45-0.50
22400009,2024-11-15,IND,MIA,0,0.46014541248338614,0.45-0.50
22400011,2024-11-15,TOR,DET,0,0.48278299191566376,0.45-0.50
22400229,2024-11-16,CHA,MIL,1,0.45313902848698245,0.45-0.50
22400241,2024-11-17,CHI,HOU,0,0.45618356552653216,0.45-0.50
22400247,2024-11-18,TOR,IND,1,0.49740801139872515,0.45-0.50
22400249,2024-11-18,PHX,ORL,0,0.4734932607576915,0.45-0.50
22400259,2024-11-20,LAC,ORL,1,0.49270570639491523,0.45-0.50
22400261,2024-11-21,TOR,MIN,1,0.4545570768018251,0.45-0.50
22400037,2024-11-26,MIN,HOU,0,0.4697627403565714,0.45-0.50
22400039,2024-11-26,PHX,LAL,1,0.46248833105669956,0.45-0.50
22400295,2024-11-27,NOP,TOR,0,0.4605830475397737,0.45-0.50
22400286,2024-11-27,CHA,MIA,0,0.46087464867440553,0.45-0.50
22400309,2024-12-01,TOR,MIA,1,0.49667805488657885,0.45-0.50
22400050,2024-12-03,CHA,PHI,0,0.483198869638619,0.45-0.50
22400337,2024-12-06,SAS,SAC,0,0.49362655975640335,0.45-0.50
22400339,2024-12-06,POR,UTA,0,0.4676800895007765,0.45-0.50
22400350,2024-12-08,ATL,DEN,0,0.47636120578220154,0.45-0.50
22400356,2024-12-08,LAC,HOU,0,0.48988908707815637,0.45-0.50
22400355,2024-12-08,GSW,MIN,1,0.46160967920367113,0.45-0.50
22401218,2024-12-15,SAS,MIN,0,0.4646426490755638,0.45-0.50
22401227,2024-12-15,ORL,NYK,0,0.4550228348596286,0.45-0.50
22400370,2024-12-19,SAS,ATL,1,0.497522419064339,0.45-0.50
22400388,2024-12-22,TOR,HOU,0,0.47536187561104676,0.45-0.50
22400417,2024-12-26,POR,UTA,1,0.4721751782294698,0.45-0.50
22400431,2024-12-28,GSW,PHX,1,0.46630017177159444,0.45-0.50
22400427,2024-12-28,ATL,MIA,1,0.4922006050028121,0.45-0.50
22400430,2024-12-28,CHI,MIL,1,0.4904897865278441,0.45-0.50
22400455,2025-01-01,DET,ORL,1,0.4680012319452352,0.45-0.50
22400470,2025-01-03,TOR,ORL,0,0.4588762353184254,0.45-0.50
22400484,2025-01-04,SAS,DEN,0,0.454769464943902,0.45-0.50
22400491,2025-01-05,HOU,LAL,1,0.4815278750295441,0.45-0.50
22400535,2025-01-11,MIN,MEM,0,0.4524141319662736,0.45-0.50
22400544,2025-01-12,ORL,PHI,1,0.4669137302393896,0.45-0.50
22400541,2025-01-12,CHI,SAC,0,0.4727036419142834,0.45-0.50
22400550,2025-01-13,TOR,GSW,1,0.4717830468200437,0.45-0.50
22400556,2025-01-14,ATL,PHX,1,0.4501663811890069,0.45-0.50
22400575,2025-01-16,POR,LAC,0,0.48899661654988213,0.45-0.50
22400634,2025-01-25,MIN,DEN,1,0.45154639091404664,0.45-0.50
22400653,2025-01-27,NYK,MEM,1,0.49704529084754817,0.45-0.50
22400660,2025-01-28,PHI,LAL,1,0.45670970608865474,0.45-0.50
22400667,2025-01-29,MIA,CLE,0,0.47351742382860046,0.45-0.50
22400693,2025-02-01,SAS,MIA,0,0.47263523947873154,0.45-0.50
22400697,2025-02-02,TOR,LAC,1,0.46193766354090204,0.45-0.50
22400716,2025-02-04,POR,IND,1,0.481271918466298,0.45-0.50
22400722,2025-02-05,TOR,MEM,0,0.4955696724001404,0.45-0.50
22400719,2025-02-05,ATL,SAS,0,0.4771144713231644,0.45-0.50
22400725,2025-02-05,UTA,GSW,1,0.49033673373785885,0.45-0.50
22400737,2025-02-07,BKN,MIA,1,0.4710114746048815,0.45-0.50
22400746,2025-02-08,MEM,OKC,0,0.45260635001366034,0.45-0.50
22400745,2025-02-08,CHI,GSW,0,0.4783174915119167,0.45-0.50
22400777,2025-02-12,NOP,SAC,0,0.48897216713491887,0.45-0.50
22400784,2025-02-13,HOU,GSW,0,0.4757523794236233,0.45-0.50
22400795,2025-02-20,SAS,PHX,1,0.45233349123078764,0.45-0.50
22400799,2025-02-21,WAS,MIL,0,0.48740716912385856,0.45-0.50
22400809,2025-02-22,UTA,HOU,1,0.46514169736292166,0.45-0.50
22400816,2025-02-23,TOR,PHX,1,0.4960873516999566,0.45-0.50
22400820,2025-02-23,MIN,OKC,0,0.4515538180545729,0.45-0.50
22400841,2025-02-26,MIA,ATL,1,0.47724757051430566,0.45-0.50
22400839,2025-02-26,WAS,POR,0,0.4673660684858213,0.45-0.50
22400850,2025-02-28,DET,DEN,0,0.4924732448254781,0.45-0.50
22400853,2025-02-28,BKN,POR,0,0.4604387668812237,0.45-0.50
22400858,2025-02-28,UTA,MIN,1,0.4640415301093547,0.45-0.50
22400872,2025-03-02,UTA,NOP,0,0.49096083715744,0.45-0.50
22400880,2025-03-03,DAL,SAC,0,0.4868127624543357,0.45-0.50
22400884,2025-03-04,ATL,MIL,0,0.4752501916904068,0.45-0.50
22400898,2025-03-05,LAC,DET,1,0.4781280483458941,0.45-0.50
22400902,2025-03-06,NOP,HOU,0,0.49457666281839274,0.45-0.50
22400899,2025-03-06,ATL,IND,1,0.4960062680414519,0.45-0.50
22400906,2025-03-07,DAL,MEM,0,0.49829348325867495,0.45-0.50
22400922,2025-03-09,MIL,CLE,0,0.46195332455656474,0.45-0.50
22400933,2025-03-10,CHI,IND,1,0.46247035337394515,0.45-0.50
22400959,2025-03-14,PHI,IND,0,0.451107707514516,0.45-0.50
22400960,2025-03-14,ATL,LAC,0,0.46789283351998445,0.45-0.50
22400976,2025-03-16,DAL,PHI,0,0.4703289797358721,0.45-0.50
22400989,2025-03-17,UTA,CHI,0,0.4646155393681271,0.45-0.50
22401003,2025-03-19,SAS,NYK,1,0.4564168742213612,0.45-0.50
22401009,2025-03-19,SAC,CLE,1,0.4694198546072219,0.45-0.50
22400996,2025-03-20,LAL,MIL,0,0.48421894915049674,0.45-0.50
22401027,2025-03-22,SAC,MIL,0,0.462815256623107,0.45-0.50
22401025,2025-03-22,ATL,GSW,1,0.4826784124346608,0.45-0.50
22401033,2025-03-23,TOR,SAS,0,0.4519555619213053,0.45-0.50
22401050,2025-03-25,UTA,MEM,0,0.4503183695772605,0.45-0.50
22401067,2025-03-28,DET,CLE,1,0.4700073523503188,0.45-0.50
22401070,2025-03-28,MIL,NYK,0,0.4868372333144624,0.45-0.50
22401078,2025-03-29,MEM,LAL,0,0.46833907899030036,0.45-0.50
22401086,2025-03-30,SAS,GSW,0,0.48614324723612895,0.45-0.50
22401085,2025-03-30,NOP,CHA,1,0.4678631161453345,0.45-0.50
22401100,2025-04-01,MEM,GSW,0,0.47267292650512427,0.45-0.50
22401116,2025-04-03,TOR,POR,0,0.459639717612605,0.45-0.50
22401123,2025-04-04,HOU,OKC,1,0.4855792576971837,0.45-0.50
22401118,2025-04-04,CHA,SAC,0,0.4934266128951608,0.45-0.50
22401121,2025-04-04,TOR,DET,0,0.48394914800160604,0.45-0.50
22401143,2025-04-06,GSW,HOU,0,0.4607355488061487,0.45-0.50
22401152,2025-04-08,MIL,MIN,1,0.4539185154153911,0.45-0.50
22401157,2025-04-09,WAS,PHI,0,0.4607702249061794,0.45-0.50
22401159,2025-04-09,DAL,LAL,0,0.46858786881036274,0.45-0.50
22401170,2025-04-10,MEM,MIN,0,0.474542076748898,0.45-0.50
22401182,2025-04-11,PHX,SAS,1,0.4942522462247403,0.45-0.50
22401171,2025-04-11,DET,MIL,0,0.46704320642891833,0.45-0.50
